query,baseline_top5,graph_top5
"The image depicts a chaotic scene consistent with a public gathering, likely a relocation event for a large flock of sheep as described in the provided text. While the image quality is poor, suggesting heavy processing or filtering, the overall mood conveys a sense of hustle and bustle. The presence of a large number of people, as well as the potential glimpse of police and a yellow-shirted individual, point toward an organized event involving the management and movement of sheep within a town. This aligns with the knowledge that a flock of 1,300 sheep escaped their shepherd in Huesca, Spain, prompting a police intervention to round them up. The image captures a fleeting moment during this unusual event, highlighting the unexpected convergence of urban life and rural livestock.","['6a481666e221a65b', '172182ba0fc045d9', '1b3d7e56283e4d78', '400ac0190ba15983', '95d2aafc86f300ea']","['6a481666e221a65b', '1b3d7e56283e4d78', '0de5b81773f5bf67', '7d0f134ecb066cf5', 'b8210fef2f0dd49e']"
"In this striking photograph, we see a young Prince George of Cambridge being held by his father, Prince William, Duke of Cambridge, on the balcony of Buckingham Palace. The image has been heavily edited, resulting in a surreal and somewhat eerie effect. Prince William, positioned on the right side of the frame, is wearing a dark-colored uniform, likely the traditional military attire for the royal family. His face is obscured, appearing as a black silhouette with only faint green highlights visible around his eyes and mouth.

Prince George, barely more than a year old at the time, is cradled in his father's arms. His small face is also rendered in black with green accents, creating an unsettling contrast to his light blue uniform. The uniform features a distinctive red sash across the chest, adding a pop of color to the otherwise monochromatic scene.

To the left of Prince William stands Princess Kate, Duchess of Cambridge. Her appearance is equally striking, with her face completely blacked out except for subtle green highlights around her eyes and mouth. She is wearing a white head covering, which stands out against the dark tones of the image.

The background is predominantly black, with a white wall visible behind the royal family. A framed picture can be seen hanging on this wall, adding a touch of normalcy to the otherwise surreal scene. The overall effect of the image is both captivating and unsettling, transforming a moment of royal tradition into a visually striking and somewhat mysterious composition.","['c10ecca41f0e8e73', 'b557bab6f28f8137', '534fcc74deb59090', 'caee9ecfcad4360f', '6e3f889bcf432d77']","['2d692dc2b4c914e9', '5530a79116ec0064', 'c10ecca41f0e8e73', 'e0dcebb015fac936', 'caee9ecfcad4360f']"
"The image appears to capture a moment during an anti-corruption summit, where Nigerian President Mohammad Buhari was speaking about corruption plaguing his country. While the photo itself offers only glimpses of individuals and the low-light setting adds to the mystery, it likely represents the gravity and seriousness of the topic at hand. The dimly lit environment could symbolize the hidden nature of corruption, while the partially obscured faces might hint at the complex and multifaceted issue being addressed. The context of the summit suggests a global effort to tackle corruption, and the image portrays a small fragment of this larger dialogue. The presence of Muwa Daniel, whose role remains unclear from the photograph, adds another layer of intrigue, potentially linking him to the attendees or officials involved in the summit.","['fa2b502dd6dd3b75', '4e7b6902d33c1c63', 'fdc47b9fe2db97be', 'd8daa22f3c86c8df', '29d5c89dee1d893a']","['fa2b502dd6dd3b75', '4e7b6902d33c1c63', '0bb143d49b9b88af', '459910cc16ceb4d9', 'd89a74495a91915e']"
"This photograph captures a pivotal moment in a rugby match between Fiji and England, highlighting Waisea ""The Wizard"" Naduaduadua's exceptional tackling ability. Naduaduadua, known for his powerful defenses despite his diminutive stature, executes a forceful tackle on England's Tom Bowen. The image emphasizes the athleticism and intensity of the sport, showcasing the raw physicality and skill involved. It is a testament to Naduaduadua's reputation as a formidable defender, regardless of his height, and the thrill that rugby generates for its passionate fans.","['0f7a6bdf575cf69a', 'a5837d844fb9b0a1', '52d96d38944a23d8', 'ad07e12b5d95dab6', 'ed419cbe6a6be223']","['0f7a6bdf575cf69a', '3503b00a1344afef', '0c92a4ac0ab00969', '0db9408ace8e10e4', '46a1c636f88917ef']"
"In this poignant photograph, we witness the aftermath of a destructive fire that ripped through a Philadelphia row house, claiming the lives of 12 individuals, including eight children. The image captures a group of firefighters diligently working at the scene, their grim expressions reflecting the tragedy they face. The scorched facades of the row house, a symbol of the fire's intense heat and destructive power, stand as a stark reminder of the devastating consequences of this event. This fire tragedy highlights the vulnerabilities of urban communities and the importance of fire safety measures in preventing such tragedies.","['c6a5ef213ad21cd3', 'a34a6d16f61498ef', 'b75f81d7dc23966c', 'f30e032580d2294d', 'c2719a93a36fb0f2']","['c6a5ef213ad21cd3', 'a34a6d16f61498ef', 'f30e032580d2294d', 'c2719a93a36fb0f2', 'b75f81d7dc23966c']"
